% [START_TIME - END_TIME],TURN_NAME,EMOTION,"[V, A, D]"
[9.9600 - 11.5200],Ses05M_impro05_F000,neu,"[3.0000, 2.3333, 2.0000]"
[11.5500 - 13.3300],Ses05M_impro05_F001,neu,"[3.0000, 2.6667, 1.6667]"
[19.1100 - 20.4800],Ses05M_impro05_F002,neu,"[3.0000, 1.6667, 2.0000]"
[22.4400 - 26.7400],Ses05M_impro05_F003,neu,"[3.0000, 2.3333, 2.6667]"
[29.8300 - 32.8600],Ses05M_impro05_F004,neu,"[3.0000, 2.6667, 3.0000]"
[34.0400 - 41.3900],Ses05M_impro05_F005,neu,"[3.0000, 2.0000, 2.6667]"
[41.4000 - 46.8300],Ses05M_impro05_F006,neu,"[3.0000, 2.6667, 3.0000]"
[46.8700 - 48.0600],Ses05M_impro05_F007,neu,"[3.0000, 2.6667, 2.3333]"
[52.3600 - 53.6000],Ses05M_impro05_F008,neu,"[3.0000, 1.6667, 2.0000]"
[56.8300 - 60.8500],Ses05M_impro05_F009,neu,"[3.0000, 2.0000, 2.6667]"
[63.8100 - 67.8800],Ses05M_impro05_F010,neu,"[3.0000, 1.6667, 2.6667]"
[70.2300 - 73.1300],Ses05M_impro05_F011,neu,"[3.0000, 2.3333, 2.3333]"
[74.4400 - 76.2800],Ses05M_impro05_F012,neu,"[3.0000, 2.0000, 2.0000]"
[78.9900 - 85.7900],Ses05M_impro05_F013,neu,"[3.0000, 2.0000, 2.6667]"
[86.4700 - 94.8600],Ses05M_impro05_F014,neu,"[2.3333, 2.3333, 2.6667]"
[100.3200 - 101.9800],Ses05M_impro05_F015,neu,"[2.3333, 2.0000, 2.0000]"
[102.9400 - 108.8400],Ses05M_impro05_F016,neu,"[3.0000, 2.0000, 2.3333]"
[112.4000 - 118.1900],Ses05M_impro05_F017,neu,"[3.0000, 3.0000, 2.6667]"
[118.2200 - 121.6200],Ses05M_impro05_F018,neu,"[3.0000, 3.3333, 3.0000]"
[122.5700 - 125.3700],Ses05M_impro05_F019,neu,"[2.6667, 2.3333, 2.6667]"
[130.4200 - 134.1300],Ses05M_impro05_F020,neu,"[3.3333, 2.3333, 2.6667]"
[134.9000 - 136.3100],Ses05M_impro05_F021,neu,"[4.3333, 3.3333, 2.0000]"
[4.7300 - 10.2900],Ses05M_impro05_M000,neu,"[3.3333, 3.0000, 2.3333]"
[10.3200 - 13.0500],Ses05M_impro05_M001,neu,"[3.0000, 2.3333, 2.3333]"
[13.0700 - 19.8200],Ses05M_impro05_M002,neu,"[3.0000, 3.0000, 2.3333]"
[19.8500 - 22.7500],Ses05M_impro05_M003,neu,"[3.0000, 3.0000, 2.3333]"
[26.1700 - 30.3400],Ses05M_impro05_M004,neu,"[3.0000, 3.0000, 2.3333]"
[31.4200 - 34.3700],Ses05M_impro05_M005,neu,"[3.0000, 3.0000, 2.6667]"
[39.3100 - 41.4800],Ses05M_impro05_M006,neu,"[3.3333, 3.0000, 2.3333]"
[44.7300 - 46.1000],Ses05M_impro05_M007,neu,"[2.0000, 2.6667, 2.6667]"
[46.1200 - 47.2800],Ses05M_impro05_M008,sur,"[2.6667, 3.3333, 2.3333]"
[47.3700 - 52.9400],Ses05M_impro05_M009,neu,"[2.6667, 3.6667, 3.0000]"
[53.1100 - 57.5300],Ses05M_impro05_M010,neu,"[3.0000, 3.6667, 2.6667]"
[60.7100 - 64.3400],Ses05M_impro05_M011,xxx,"[2.0000, 3.3333, 2.6667]"
[67.8500 - 74.8000],Ses05M_impro05_M012,fru,"[2.0000, 4.0000, 3.3333]"
[75.3800 - 79.2800],Ses05M_impro05_M013,fru,"[2.0000, 3.6667, 3.3333]"
[79.7900 - 81.4900],Ses05M_impro05_M014,xxx,"[2.0000, 3.3333, 3.0000]"
[83.5900 - 86.6100],Ses05M_impro05_M015,fru,"[2.0000, 4.0000, 3.6667]"
[92.6600 - 102.9000],Ses05M_impro05_M016,fru,"[2.3333, 3.6667, 3.3333]"
[107.6500 - 113.6700],Ses05M_impro05_M017,fru,"[2.3333, 4.0000, 3.3333]"
[116.5000 - 119.6300],Ses05M_impro05_M018,fru,"[2.3333, 4.3333, 3.6667]"
[121.2200 - 124.2800],Ses05M_impro05_M019,fru,"[1.6667, 4.3333, 3.3333]"
[124.3500 - 130.4400],Ses05M_impro05_M020,fru,"[2.0000, 4.0000, 3.0000]"
[132.6500 - 135.0100],Ses05M_impro05_M021,fru,"[4.0000, 3.6667, 2.6667]"
[135.1100 - 136.3100],Ses05M_impro05_M022,neu,"[4.6667, 3.3333, 2.6667]"
